<?xml version="1.0" encoding="UTF-8"?>
<!DOCTYPE mapper PUBLIC "-//mybatis.org//DTD Mapper 3.0//EN" "http://mybatis.org/dtd/mybatis-3-mapper.dtd">
<mapper namespace="online.templab.flippedclass.mapper.CourseMemberLimitStrategyMapper">
  <!-- <cache/>-->
  <resultMap id="BaseResultMap" type="online.templab.flippedclass.entity.CourseMemberLimitStrategy">
    <!--
      WARNING - @mbg.generated
    -->
    <id column="id" jdbcType="BIGINT" property="id" />
    <result column="course_id" jdbcType="BIGINT" property="courseId" />
    <result column="min_member" jdbcType="TINYINT" property="min" />
    <result column="max_member" jdbcType="TINYINT" property="max" />
  </resultMap>

  <select id="getMaxId" resultType="Integer">
    select ifnull(max(id), 0) as serial
    from course_member_limit_strategy
  </select>

  <insert id="myInsert" useGeneratedKeys="true" keyProperty="id" parameterType="CourseMemberLimitStrategy" keyColumn="id">
    insert into course_member_limit_strategy(id,course_id,min_member,max_member)
    values(#{id},#{courseId},#{min},#{max})
  </insert>

</mapper>