<?xml version="1.0" encoding="UTF-8"?>
<!DOCTYPE mapper PUBLIC "-//mybatis.org//DTD Mapper 3.0//EN" "http://mybatis.org/dtd/mybatis-3-mapper.dtd">
<mapper namespace="online.templab.flippedclass.mapper.RoundScoreMapper">
  <!-- <cache/>-->
  <resultMap id="BaseResultMap" type="online.templab.flippedclass.entity.RoundScore">
    <!--
      WARNING - @mbg.generated
    -->
    <id column="round_id" jdbcType="BIGINT" property="roundId" />
    <id column="team_id" jdbcType="BIGINT" property="teamId" />
    <result column="total_score" jdbcType="DECIMAL" property="totalScore" />
    <result column="presentation_score" jdbcType="DECIMAL" property="presentationScore" />
    <result column="question_score" jdbcType="DECIMAL" property="questionScore" />
    <result column="report_score" jdbcType="DECIMAL" property="reportScore" />
  </resultMap>
</mapper>