<?xml version="1.0" encoding="UTF-8"?>
<!DOCTYPE hibernate-mapping PUBLIC 
  "-//Hibernate/Hibernate Mapping DTD 3.0//EN"
  "http://hibernate.sourceforge.net/hibernate-mapping-3.0.dtd">
<hibernate-mapping>
	<class name="com.cy.entity.Admin" table="admin" catalog="bank">
		<id name="id" type="java.lang.Integer">
		    <column name="id"></column>
		    <generator class="native"></generator>
		</id>
		<property name="username" type="java.lang.String">
			<column name="username" length="50"></column>
		</property>
		<property name="password" type="java.lang.String">
			<column name="password" length="50"></column>
		</property>
		<property name="money" type="java.lang.Double">
			<column name="money"></column>
		</property>
	</class>
</hibernate-mapping>