<?xml version="1.0" encoding="UTF-8"?>
<!DOCTYPE hibernate-mapping PUBLIC 
  "-//Hibernate/Hibernate Mapping DTD 3.0//EN"
  "http://hibernate.sourceforge.net/hibernate-mapping-3.0.dtd">
<hibernate-mapping>
    <class name="com.cy.entity.LoanLog" table="loan_log" catalog="bank">
        <id name="id" type="java.lang.Integer">
            <column name="id"></column>
            <generator class="native"></generator>
        </id>
        <many-to-one name="account" class="com.cy.entity.Account" fetch="select" lazy="false">
            <column name="accountid"></column>
        </many-to-one>
        <property name="loan_money" type="java.lang.Double">
            <column name="loan_money" precision="18"></column>
        </property>
        <property name="datetime" type="java.lang.String">
            <column name="datetime" length="50"></column>
        </property>
        <property name="huan_money" type="java.lang.Double">
            <column name="huan_money" precision="18"></column>
        </property>    
    </class>
</hibernate-mapping>