<?xml version="1.0" encoding="UTF-8"?>
<!DOCTYPE hibernate-mapping PUBLIC 
  "-//Hibernate/Hibernate Mapping DTD 3.0//EN"
  "http://hibernate.sourceforge.net/hibernate-mapping-3.0.dtd">
<hibernate-mapping>
	<class name="com.cy.entity.Personinfo" table="personinfo" catalog="bank">
	    <id name="id" type="java.lang.Integer">
	        <column name="id"></column>
	        <generator class="native"></generator>
	    </id>
	    <many-to-one name="account" class="com.cy.entity.Account" fetch="select" lazy="false">
	        <column name="accountid"></column>
	    </many-to-one>
	    <property name="realname" type="java.lang.String">
			<column name="realname" length="50"></column>
		</property>
		<property name="age" type="java.lang.Integer">
			<column name="age"></column>
		</property>
		<property name="sex" type="java.lang.String">
			<column name="sex" length="2"></column>
		</property>
		<property name="cardid" type="java.lang.Long">
			<column name="cardid" precision="18" scale="0"></column>
		</property>
		<property name="address" type="java.lang.String">
			<column name="address" length="50"></column>
		</property>
		<property name="telephone" type="java.lang.String">
			<column name="telephone"></column>
		</property>
	</class>
</hibernate-mapping>